video_file,second,frames_processed,valid_face_frames,coverage_ratio,avg_blink_score,blinks_this_second,avg_mm_per_px,avg_left_eye_width_mm,avg_left_eye_height_mm,avg_right_eye_width_mm,avg_right_eye_height_mm,avg_face_width_mm,avg_face_height_mm,avg_nose_width_mm,avg_nose_height_mm,avg_mouth_width_mm,avg_mouth_height_mm
GX010408.MP4,0,30,30,1.0,0.226322762016207,1,0.26827601549848956,30.997465811105183,6.805770390412122,29.898209247254417,6.419818673582198,154.5451136918509,171.87289912940398,45.396558196758015,52.40915058579717,50.586724357414255,3.136725252383967
GX010408.MP4,1,30,30,1.0,0.33414540259788433,1,0.26414659561800796,30.205656222290575,5.7403789358637205,27.779801437466983,5.313923170176426,150.95516172047286,164.83997527437097,43.81932260834925,48.5982921140961,49.51344878639444,2.4204157117264207
GX010408.MP4,2,30,30,1.0,0.19906704425811766,1,0.26692238557353565,31.579322495131123,7.064328417862711,31.08702406723614,7.341781803276915,158.2767580678985,171.54365067639446,47.004765467538384,53.71998343581506,50.51715339433445,1.6663568792494694
GX010408.MP4,3,30,30,1.0,0.2547271367162466,1,0.26107566736249044,31.700488198035863,6.464227999730566,31.7700450056893,6.674649121468938,156.45944077048716,164.9093971825608,46.70622440491914,54.254149629534744,50.59769624131187,1.1714789056510726
GX010408.MP4,4,30,30,1.0,0.056888573911661904,0,0.24560199877676878,29.00856911216939,9.168491599576543,29.15641936885074,9.682677404661524,147.71210128450915,156.81945908185963,44.64119141786435,51.52490984506126,47.94830174914002,1.4539982627972612
GX010408.MP4,5,30,30,1.0,0.2784275684816142,2,0.2430664881232574,29.80271960494929,5.393128212212948,29.126638401089657,5.273174550668066,144.883064627179,153.99943084772022,43.42695217788048,48.95953734976548,47.2795485032732,2.1171748907274144
GX010408.MP4,6,30,30,1.0,0.10931754441310962,0,0.24959121046980073,29.394141329462528,8.003855589897674,28.893161541759017,7.955385315360751,147.76706905520084,159.18308718252885,44.65979159224504,49.842474514310354,47.480399839750184,1.6943888635069084
GX010408.MP4,7,30,30,1.0,0.3249943067630132,1,0.2558765339820606,30.199703429784552,5.22812305967851,29.872608706549453,4.986847148672303,150.09940354309748,162.50741174589393,45.15755046398184,50.586187180155214,48.51852231698599,1.934794858799588
GX010408.MP4,8,30,30,1.0,0.2616755389918884,3,0.2597458802226548,30.328294040339635,6.111278449681692,30.787757247399647,5.958148430710461,152.0021575598185,163.03466334123328,45.86564495912238,51.04910955779493,49.127490406543686,1.8276440028844891
GX010408.MP4,9,30,30,1.0,0.3396860508869092,1,0.26033246129703,32.205923312471064,5.114528788628373,29.666653174867008,4.922194523935608,151.12573048049765,164.8546734945529,44.612741892400486,51.549543225691856,48.31061068809682,1.8655924095426577
GX010408.MP4,10,30,30,1.0,0.44116089697927235,1,0.269879600454767,35.08454270224068,4.323332892177618,27.57800163249993,4.605724264501017,154.6162425196244,173.58894009142557,45.97125853687522,55.87092934319279,49.95229883723759,0.8390369666446202
GX010408.MP4,11,30,30,1.0,0.29755936016639073,1,0.2714025014885419,32.55163956172843,5.782607107873752,32.53784870730704,5.519116607562223,161.81268037278676,171.471987710766,47.92774666136359,53.97452512097861,52.1062818888356,1.686183637069966
GX010408.MP4,12,30,30,1.0,0.19402740734318893,2,0.2625876015500977,30.467975110512626,7.050479593207978,31.059484288120686,7.272675150612529,155.55428947053844,164.15721115916747,47.30224749072729,52.02514164099084,50.443903946139905,1.219951491316605
GX010408.MP4,13,30,30,1.0,0.2697953394303719,2,0.2581842035882328,30.058847817538112,5.793531993592523,30.414210944801425,5.615443998941538,151.07094215213573,161.27997513656314,45.80556756723765,50.31404562034197,49.02166772100244,1.279702287323751
GX010408.MP4,14,30,30,1.0,0.3108552172159155,1,0.260523766895091,28.927267387597364,5.4795901057021235,30.94274191129212,5.4847720498402985,151.1593488832433,163.03099202766757,45.06850105484648,50.45534928173858,49.09107718380929,1.3762296661154108
GX010408.MP4,15,30,30,1.0,0.2401147035260995,2,0.2666681788409749,30.256107290551466,6.419254904629503,31.841639093330702,6.892849364881098,155.48723979707773,167.37983137237566,46.97253368129225,52.58752390505743,51.286379516553325,1.0124744396598233
GX010408.MP4,16,30,30,1.0,0.2754271016766628,1,0.2657038555554495,29.853242564515565,5.9309132847513695,31.467059812314396,6.172870231780516,154.43905779340793,165.5211888062387,46.559577304259264,51.60540064304762,50.80440371598453,1.1450708730326222
GX010408.MP4,17,30,30,1.0,0.268407661964496,2,0.26626769630731295,29.802198295957677,6.04397452860962,31.419268168036663,6.431031089211917,154.81622361839993,167.31531381924378,46.206400632851086,52.103631320590736,50.64909698643105,1.267048901658836
GX010408.MP4,18,30,30,1.0,0.21411455074946087,1,0.2683299970726789,30.226209899921415,6.85446923277973,31.685301563177227,7.431332911896137,156.7564448787174,167.38176075476127,47.03937039128371,51.52448627927698,50.82652744883926,1.272083994892364
GX010408.MP4,19,30,30,1.0,0.22042071186006068,1,0.2637250929839171,30.430986550659625,6.242846361849292,31.891434330428947,6.736345046707099,155.04851806866773,163.83349100989426,46.02621834478454,50.067561757916764,49.28508968640366,1.958644131825469
GX010408.MP4,20,30,30,1.0,0.20850232299417257,1,0.25843657792900865,29.52149531404522,6.570833918166553,31.079536811138265,6.895634087256282,151.2839250430311,159.8738518738445,44.919862468978764,48.36385185838542,48.1540114986832,1.8978009057814793
GX010408.MP4,21,30,30,1.0,0.2499577187622587,2,0.25710143396079205,29.955930970724815,6.293644997909346,31.116408220900098,6.241941904797553,151.1898640944601,161.401808650803,45.16732428867258,49.814610091556126,48.28467672770175,1.6153363053807506
GX010408.MP4,22,30,30,1.0,0.24257490560412406,1,0.2582815109952063,29.851832647862288,6.341750381862371,30.860176962860603,6.159839753564535,151.42913711175888,161.11197263240592,44.95000838809476,49.880022887118955,48.53692973498334,2.198011938515676
GX010408.MP4,23,30,30,1.0,0.23238382780303557,3,0.2613855956782745,30.388541117570252,6.849040493306632,31.324714867709268,6.717770106735713,153.2769332696653,166.56685302046648,45.74515912362743,51.67794893865639,49.69334268805891,2.0910576394562685
GX010408.MP4,24,30,30,1.0,0.27597968621800345,2,0.2629871208938846,30.782962298029084,6.031775398524691,31.182841101570222,5.763939712345394,154.27287211149684,165.6917461072094,45.99056252634876,51.53880053204576,49.67306375753858,1.9908975307569903
GX010408.MP4,25,30,30,1.0,0.31270227761318287,3,0.26565047759243215,31.180991708044406,5.676395236295937,31.938109350984167,5.320541880715934,156.20295392457336,165.77959983670868,46.50647623081286,51.749315938111586,50.0295463246307,1.8622231747379734
GX010408.MP4,26,30,30,1.0,0.34429474733769894,2,0.26702493210008776,32.12873644580409,5.252193563260305,31.716580965303706,4.330327052438506,157.51938961003253,166.08390460874116,46.24336308077151,53.360625729120294,51.43187223199312,1.6397766979273576
GX010408.MP4,27,30,30,1.0,0.36716462758680185,1,0.2634127058144086,31.971962366044824,5.359139904617622,30.4776402338292,4.405736017482837,154.69034908762535,167.92915940991205,44.97321225532304,53.46852596362337,50.95547744887563,1.7056821096010881
GX010408.MP4,28,30,30,1.0,0.3205812692642212,1,0.2632831578887761,32.57457498365194,5.535019005082901,30.251793650608843,5.121422125383861,154.50443966963024,165.86651228092143,44.677553052892705,53.280652733469516,50.76078701122787,1.602428143462445
GX010408.MP4,29,30,30,1.0,0.23395223394036294,1,0.2635909003935924,32.16717956159149,6.646152989759299,30.081563840351183,6.460453960706857,154.26950351196882,164.65893711055398,44.50082755017884,53.3708229179261,50.579159293877794,1.7830662643777753
GX010408.MP4,30,30,30,1.0,0.3194013307491938,1,0.26160288892922756,31.77063423928906,5.871669216776563,29.682121569364273,5.043449141240682,153.09259874363497,165.06480699247285,44.66863991288171,53.09369149813947,50.52971225471776,1.80118995327332
GX010408.MP4,31,30,30,1.0,0.19225454448411863,1,0.2578160749858529,30.67086299696831,7.528703460900174,29.176818571263354,7.122970998945942,150.52645309702342,162.43202609721132,44.055263055131576,52.77464834329251,49.79636443414765,1.490789143539899
GX010408.MP4,32,30,30,1.0,0.18936122475812833,2,0.252213044935125,30.153820911870465,7.561967545747131,28.832084070795403,7.2843714369363575,147.39691769003736,158.24337264020156,43.23416254857829,51.53403842776378,48.46257425311134,1.3313124883904395
GX010408.MP4,33,29,29,1.0,0.2482681934047362,1,0.25450530896984974,30.798102077485687,6.4822149287400705,30.312278545598048,6.357295898321308,149.3136677364759,158.9333564576284,44.5246014763736,52.631851885465316,49.153505217595914,1.30166667062168
GX010408.MP4,34,30,26,0.8666666666666667,0.2827569944784045,1,0.2556013382128709,32.13618838775271,6.664592939248924,25.883855673695106,6.191918517926817,145.6735366997821,158.60832430258904,43.249376523434606,53.14990473468668,46.677684526062485,0.6724556236911556
GX010408.MP4,35,30,3,0.1,0.2381228612114986,0,0.2576642083039384,31.32875304204863,6.370360202537856,17.258170801922983,7.9548610022536295,134.0397043757278,165.49573665977712,36.712291716702644,55.02712085816208,39.271889195904585,0.3339855280336248
GX010408.MP4,36,30,15,0.5,0.26872248351573946,0,0.25596620058160047,33.78659949215815,6.366598803067755,20.024638776526434,7.263624193310294,141.62364031859815,165.63684894747223,40.23900427775579,54.121590025132576,42.36408013461972,0.769776100793301
GX010408.MP4,37,30,30,1.0,0.3196153976023197,3,0.2574712504200038,31.51760938953514,5.730648244579487,31.057413519946298,5.383507173937754,152.4512893172533,162.5579891388068,45.07640218228288,53.66800499986051,49.47631139923884,1.4269509471958262
GX010408.MP4,38,30,30,1.0,0.1771205749673148,1,0.2528076513180398,29.506788815853632,7.505389674464067,30.382889424605427,7.7318200811807705,149.66855592259824,158.79495180279164,44.64865192408779,50.952023523304554,47.71612120325929,1.5921288539135068
GX010408.MP4,39,30,30,1.0,0.11778764917204777,1,0.24966354481139164,28.93212531381685,8.295045085959519,29.696840088586043,8.614351595719477,146.81065879094177,158.48253638262503,44.05079917558118,51.48721651544161,47.594905006189464,1.1371340864524195
GX010408.MP4,40,30,30,1.0,0.18414514884352684,2,0.2507598445200831,29.265719807964654,7.420036990638303,29.721504277150263,7.4698153744552105,146.8523711467065,158.40304063030635,43.635170014932946,50.94391681362048,47.96730018551029,1.400448521199358
GX010408.MP4,41,30,30,1.0,0.18996688884993393,1,0.2505997682193662,29.674398516335657,7.367660572149754,29.647665388604466,7.188521082629799,147.36244957921235,158.57412095890405,43.73614775183363,51.64535795955554,48.3629993249035,1.493860951467158
GX010408.MP4,42,30,30,1.0,0.2954459180434545,1,0.2510340351286876,30.0904428338705,5.811510959277086,29.80642241527022,5.301911472474955,147.68400267810662,158.09245444583746,43.468547893656705,51.4148638554915,47.98947572932824,1.6105207501490737
GX010408.MP4,43,30,30,1.0,0.13104805188874405,1,0.251715433696687,29.581010638330476,8.070157016044819,30.06857637991778,8.30842269714722,147.35874862729548,157.70708724015353,43.89187869223671,51.06505067815351,47.84459320925373,1.271763635943686
GX010408.MP4,44,30,30,1.0,0.15771664632484317,1,0.2495999734309486,29.373105490154806,7.740791979376454,29.20509199958274,7.5707523703171775,146.37479633096902,156.81725713799312,43.41632857776757,51.72049322699322,48.37278586441707,1.5220037789673333
GX010408.MP4,45,30,30,1.0,0.1494107924712201,1,0.2488253842394043,29.39838635289862,7.847799886590621,29.351964541666856,7.742591100019871,145.21205333289473,155.53975678119102,43.49195282629787,51.14031352485337,47.930147817661116,1.4511285156144977
GX010408.MP4,46,30,30,1.0,0.22361353170126677,1,0.2523790397204536,29.93313508251752,6.398187219953636,29.623864162308497,6.292965743846905,148.03079676827733,158.1603508472437,43.79051535197383,51.54871924918019,48.23903109118332,1.61831405481873
GX010408.MP4,47,30,30,1.0,0.15022099806616704,1,0.2552767007554695,29.640467606846023,7.759940948487104,30.074724156262416,7.927311134358485,149.16750067808127,159.92920013256608,44.92663604004354,51.267066116609854,48.49882273289794,1.6954165883630181
GX010408.MP4,48,30,30,1.0,0.17559750160823265,2,0.25605883869605744,30.008663364690122,7.101167128272726,30.278243495859474,7.524449192180904,150.13598153866175,161.73040392382242,44.51991184956805,51.2585123659092,48.56897336989972,1.9830462226067893
GX010408.MP4,49,30,30,1.0,0.2726058636481563,3,0.2556816355894007,29.80616957027972,5.479528348306895,30.722346725283646,5.752769708770357,150.0687362492393,161.5824428188014,44.9678533142179,50.53635766836633,47.77344620063657,1.2686401717796976
GX010408.MP4,50,30,30,1.0,0.13135152943432332,1,0.2538885210418446,29.181291413463743,7.376718121072478,30.11611065556076,8.336066210368283,148.1200069784674,161.15056389754776,44.99786078079877,50.649003029822026,47.81476423101601,1.305441595117123
GX010408.MP4,51,30,30,1.0,0.1495545184860627,1,0.2529599252845743,29.03506650313225,6.887549779481807,29.441238478549757,7.883644158536813,147.00232712333542,160.32306653905604,44.281140535136196,49.26407784867979,46.797790173020005,1.6798738943946827
GX010408.MP4,52,30,30,1.0,0.1563411682844162,1,0.2529204573246999,29.209916242707276,7.147594498458629,29.743103038815516,7.7900434862779555,146.88789127931662,159.57784047964853,44.437696131001374,49.91049821852284,47.12441193099621,1.4129797454837019
GX010408.MP4,53,30,30,1.0,0.1579726510370771,1,0.25415087563852984,29.42427965998903,6.668319948796621,30.04106605982495,7.621256785600974,147.8041164041244,160.03958622605404,44.8736944467111,50.551025430702325,47.90966331891772,1.2175385716361218
GX010408.MP4,54,30,30,1.0,0.30788680029412113,1,0.2592795619506599,30.53718820545863,4.750755201852509,30.871621015411833,4.998411236086257,152.27269931862426,163.38959501083133,45.664395392213045,51.491114023785904,49.15131802106477,1.6535417051421812
GX010408.MP4,55,30,30,1.0,0.0693234053440392,1,0.26110310850364543,29.91879330250224,8.938093758185557,30.627740329085213,9.647812803540061,151.54323452785084,163.62873996054032,46.40425544970536,52.46776211067718,49.712359709403785,1.5727368897662848
GX010408.MP4,56,30,30,1.0,0.17898091878741978,2,0.2567387528084303,29.659661213259895,7.3941711070513625,30.593787498263264,7.442241580302499,149.759751799633,160.666414390683,45.011238041308374,50.99143448866235,48.4933242198316,1.8923924319519263
GX010408.MP4,57,30,30,1.0,0.11539704675475757,1,0.25124783575597354,28.99075443978247,8.226616371887557,29.5665468448014,8.353402949569835,146.24889237163097,155.43267863161125,43.97303380278431,49.806066061962404,47.73108751377275,1.7520783014067212
GX010408.MP4,58,30,30,1.0,0.12311725228404005,1,0.2495003423700171,28.89113083026647,8.081409909476173,29.08335911461679,8.242122094559113,144.73424569294917,155.48913842994776,43.969023049939345,49.80916711146983,47.496021179589846,2.013445378881592
GX010408.MP4,59,30,30,1.0,0.10953746677065888,1,0.250246140819446,28.98461803963476,8.418335030188821,29.644782803325583,8.770057606508455,145.45029642565447,155.30082201250985,43.67167102898111,49.228562015484485,46.97541397434189,1.9498573275104623
GX010408.MP4,60,30,30,1.0,0.05826627127826214,0,0.2501596231350261,28.743135118596896,8.909005117749787,29.50226800290064,9.419498058576206,145.581081325635,154.69124324409853,43.90297481295442,49.16468476490011,47.05993983574728,1.8862417178483846
GX010408.MP4,61,30,30,1.0,0.19067189240207275,0,0.2517844968592318,29.12025196195696,6.89404960199887,29.453924337219576,7.3394477953362385,146.40000162812754,160.15098699783428,44.551423414356805,50.120429253361145,46.78946047848509,1.5449723779574047
GX010408.MP4,62,30,30,1.0,0.15065817711874843,1,0.25586098662669154,29.206670782166096,7.606829890579662,29.66584840534405,7.9277127241972325,148.7748719322005,161.47743426112194,45.01201638321023,50.27922437646939,47.47022543347794,1.6743599881629185
GX010408.MP4,63,30,30,1.0,0.11057614960397283,1,0.25472679330182685,29.36934049875306,8.330868294922213,30.077579259444857,8.786841401423073,148.0470419327376,160.69615318078343,44.89532844658968,50.448483646999726,47.56182272498782,1.7596234857786615
GX010408.MP4,64,30,30,1.0,0.13656783839687706,1,0.2487232413839562,28.645632242007935,7.684391298550713,29.250364645364762,8.158383816233545,144.29269799056308,156.45193760963016,43.622750141759255,48.68963001636617,46.35313006128754,1.699455837094774
GX010408.MP4,65,30,30,1.0,0.05239998816202084,0,0.24876844990191044,28.297720327867502,9.03727461864468,29.090077895739114,9.574611451140035,144.6144912150529,155.48048605012454,43.83904838768091,49.34175121974427,46.86120047858854,1.4986862968888033
GX010408.MP4,66,29,29,1.0,0.19220862492662052,1,0.24945416367164183,29.298435943362755,6.712450254368208,29.793730143727046,6.954548380676615,145.33355501443458,154.71039139933265,43.71043555356613,48.8765862072238,46.60264272782845,2.039511597421727
GX010408.MP4,67,30,30,1.0,0.10951236107697089,0,0.25274340408278567,28.859258799936693,8.08329307981932,29.354971398825185,8.589764538645545,146.71414710972692,159.4340874681024,44.830253923818404,50.04028165817513,47.37599610439967,1.7416912634227537
GX010408.MP4,68,30,30,1.0,0.12970778631667296,1,0.255723750711044,29.326275434295088,7.531942485804478,29.833042464758005,8.2810115143494,148.54141993773308,162.02470636853712,45.23639341190044,50.284315960644854,47.68063819523117,1.8782217595674373
GX010408.MP4,69,30,30,1.0,0.1556312358006835,1,0.2537455817549882,29.223363749209003,7.365554231471156,29.592220270689456,7.997465275050429,147.5107680900795,161.59469728814375,44.719574212331835,50.10157824433427,47.34763808374635,1.619628973524582
GX010408.MP4,70,30,30,1.0,0.1443379328896602,1,0.25298265858612173,29.15410869329988,7.471200958292851,29.615703934588147,8.052616267807238,147.15340912362655,160.37653240270572,44.333727761805285,49.811314654442064,47.23449807608021,1.9158721242387493
GX010408.MP4,71,30,30,1.0,0.043151229092230396,0,0.24819997451219414,28.406933130744235,9.240473607358307,29.358994701228543,9.881985263986426,143.9744146747028,155.63107175648653,43.75808459690846,49.21216359835928,46.590298863625684,1.8406912101569797
GX010408.MP4,72,30,30,1.0,0.12261557818079988,1,0.24585812207080687,28.69584295498511,7.829271106597662,29.025658412094554,8.12521236196909,143.04079188027552,152.1992267943583,43.12556085101085,48.09088604871472,46.14632630325458,1.739309228695032
GX010408.MP4,73,30,30,1.0,0.13222564285000166,1,0.24961887649431166,28.822942649016,7.602752949044261,29.13882229187507,8.240765478555844,145.05994390457596,158.49837959016108,43.9188030514855,49.259597307101544,46.44677090659804,1.8105176310586226
GX010408.MP4,74,30,30,1.0,0.05322443572804332,0,0.24869206419598727,28.431439600263413,8.90722793871458,29.264391978557278,9.703086992439182,144.53920706676203,157.3433358000181,43.823032647850106,49.27017705257837,46.54379501211243,1.6429323395188191
GX010408.MP4,75,30,30,1.0,0.13476779237389563,1,0.24652497403260398,28.256773543097545,7.4763369174372505,28.67196081569652,7.994210244310321,143.24794800324798,156.6055781309557,43.664302539755795,48.73235788811429,45.9087916637895,1.489325885555362
GX010408.MP4,76,30,30,1.0,0.15436637389163177,1,0.25042534691396107,28.72481699998068,7.079223692713172,29.394807486881742,7.78555697493805,145.8017654350782,160.0542013487761,44.11504804879999,49.605362413239234,46.64157729225308,1.3159310823381398
GX010408.MP4,77,30,30,1.0,0.07157909469678998,0,0.2515625029485594,28.434004128938234,8.36084050666337,29.451053767512917,9.504036447015663,146.42326118846444,162.51358743850278,44.45898759533194,50.216082167546425,47.038972259744156,1.3425590102596254
GX010408.MP4,78,30,30,1.0,0.0493929500070711,0,0.24600406295417623,27.84474595598746,8.935957224964506,28.81118022717911,9.616872367644723,142.94548616366654,155.78268132562627,43.62526728148904,48.67691628143759,46.15815208129689,1.701209223596335
GX010408.MP4,79,30,30,1.0,0.12148801234240333,0,0.24530217423353198,27.968614368613203,7.8235251516115145,28.60763902093727,8.130352749256764,142.7312026008247,154.93022447840013,43.55003012404337,48.43038437765863,46.15852929355428,1.8057264153838237
GX010408.MP4,80,30,30,1.0,0.1373952524115642,1,0.25062115034613003,28.483209922716526,7.556418190071521,28.85837665728281,8.037235773393293,145.48496063305686,159.09057405514707,44.70010238816954,49.88142229034056,47.32161355597267,1.5732745354949527
GX010408.MP4,81,30,30,1.0,0.13341694045811892,1,0.25333239166508315,29.012671300185385,7.61539350998004,29.577689171516905,8.224476700422922,147.1226484032267,160.87890941045572,45.04240700672058,50.10035922335996,47.666183304894204,1.625371903004374
GX010408.MP4,82,30,30,1.0,0.15950743226955336,1,0.25192633023164396,28.9981589268243,7.1399859417095595,29.59522084819701,7.882840194504794,146.94925967878063,160.7748870467314,44.46754115340361,50.28769522882788,47.41987801537125,1.2980278163509287
GX010408.MP4,83,30,30,1.0,0.14752283518513043,1,0.2519961706703964,29.089812373757006,7.142217526093532,29.553035314558464,7.961944440806473,146.91868143327264,160.46429309422064,44.89014456518488,49.92004295534132,47.688575130207376,1.4043744791211514
GX010408.MP4,84,30,30,1.0,0.06876204628497362,0,0.2521154594476012,28.4974980280151,8.445965851694675,29.294103000265743,9.413277430639026,146.69942352491802,162.02541495054396,44.73638192770557,50.18956593411917,47.50156846354616,1.2624641869588389
GX010408.MP4,85,30,30,1.0,0.22094552976389725,2,0.24961709906718052,29.01806488359647,6.315760891217374,29.24166372825276,6.778902579170071,145.05812403693807,158.82401630097374,43.79836883711527,49.05198533133985,46.38397135074126,1.524475301991073
GX010408.MP4,86,30,30,1.0,0.34149599249164264,1,0.2558776266002425,31.284832205357933,5.157112841122376,26.15553775720351,5.821783984353351,144.94133176875343,164.07919903067514,43.421162937011566,51.761571201287005,46.491519914966084,1.1475667317869378
GX010408.MP4,87,30,30,1.0,0.5452424580852191,0,0.2739379443235518,36.61926372108079,2.8020097855328596,21.829484373933443,3.8497783947490136,152.16269994809528,178.36215204147138,42.2062589665333,58.46735789343523,44.66032011476178,0.4308828417918911
GX010408.MP4,88,30,30,1.0,0.4528668581197659,1,0.2836641592274623,37.51711539179092,4.774371785249199,26.00700323793649,4.766497958044874,159.3805879767714,183.21832884618624,46.343297341030286,59.978032228056506,50.27998103836371,0.9345002463533532
GX010408.MP4,89,30,30,1.0,0.27162513360381124,2,0.27566284746123443,33.718443768023356,6.174644454884178,32.13463142452545,5.879891780210366,161.8255482569102,173.0867234980714,47.60351754967599,55.470482147826424,52.82533764103758,2.050754918699339
GX010408.MP4,90,30,30,1.0,0.10493399649858474,1,0.26143219240931986,30.848137840653894,8.252455771708869,29.907651107642366,8.647578435994129,152.5158600913502,164.12535658445577,45.39664080409223,51.06822401499402,49.73980651504426,2.223297446026903
GX010408.MP4,91,30,30,1.0,0.1503949695577224,1,0.25609765003072266,29.634702066624122,7.322735968660478,28.92486211773983,7.557683756154963,148.7355859449836,160.3976006976404,45.14597187492818,50.02665380059554,48.64002513304732,1.9300691203768148
GX010408.MP4,92,30,30,1.0,0.20788051411509514,1,0.25852597434436186,30.242334990063362,6.3262105618458495,29.469951127382664,6.82566067633021,150.4913880372076,165.7288576918885,45.33455219862931,50.73953966354779,48.081890005832086,1.6656461882672795
GX010408.MP4,93,30,30,1.0,0.26441440731287,1,0.26222250865241364,30.547434160716186,5.80765498823138,29.92746900549104,6.169813018616433,152.4497783607447,169.77139125069502,45.69176471350476,51.676954652492675,48.4826566131651,1.3361730830790202
GX010408.MP4,94,30,30,1.0,0.20168728604912758,1,0.26254845248475756,30.381406321825327,6.793430847926234,29.79840466811751,7.338331486340877,152.07280213684788,169.74044024264086,45.814860322122506,52.05938419497051,48.88609297087167,1.4554565037413638
GX010408.MP4,95,30,30,1.0,0.3420769782116016,2,0.2611522598777536,30.93200065893109,4.85893204094548,30.06650278581162,4.962192347110626,152.03915297259664,167.40567623182653,45.30966645028214,51.34752389294638,49.178166086285344,1.6640088020870676
GX010408.MP4,96,30,30,1.0,0.23732097546259562,1,0.2657174649299269,31.294327659052524,5.869284516953875,30.23490097037978,6.688294702850475,155.11881035903076,171.57902584372178,45.89077599852137,52.07908565566546,49.749701525406294,1.6005474454435047
GX010408.MP4,97,30,30,1.0,0.2310302826265494,1,0.2642737228232587,30.70116382541429,6.301621687964081,29.8387465244389,6.87246840397273,153.4327895376534,171.4971677411828,45.918495972932575,52.48498464877833,49.14362051042031,1.4909683490854242
GX010408.MP4,98,30,30,1.0,0.13773626741021872,1,0.2613080700803149,29.970348201401084,7.507425932470012,29.572575638758753,8.249443707100705,151.56485369407704,167.01625064469698,45.30350750128785,51.779192243440285,48.83303650450178,1.7511063002432035
GX010408.MP4,99,30,30,1.0,0.14559721897045771,1,0.2565686424385432,29.83117151001027,7.5377205247383205,29.24326987185755,8.1083600168846,148.87680485305975,165.2229014971794,44.55952655543831,51.08290410400337,48.137226233510695,1.681833603938157
GX010408.MP4,100,29,29,1.0,0.18577449254948517,1,0.25459372081924536,29.72416567471621,6.98105003644543,28.779724370527354,7.46837462874274,147.67314100159135,164.6795704972489,44.014393366062876,51.18735699305775,47.96652263004183,1.662493903136027
GX010408.MP4,101,30,30,1.0,0.10192210599780083,0,0.2546824504311113,29.367817679306963,8.047807315818789,28.670188838372898,8.674209937393186,147.31755812416276,164.2559309661891,43.97257642922731,51.48817057133551,47.95732157365569,1.7858412214466048
GX010408.MP4,102,30,30,1.0,0.1413301800688108,0,0.2528486173781469,29.090902666082226,6.951671970109149,28.802435028492987,7.599271330214293,146.74836477107922,158.86035975287788,44.38602052573564,49.34397912991863,47.436331994155736,1.5571610133367912
GX010408.MP4,103,30,30,1.0,0.15554357940951982,0,0.25681980509503216,29.598698077088365,7.2099674487592065,29.420906923695338,7.647739970518171,148.49888852211225,160.9963655662558,45.276953590737484,50.0230549416186,48.33120574090499,1.6235549754497463
GX010408.MP4,104,30,30,1.0,0.2925871377810836,2,0.259417372341259,30.789361837532063,5.121488880313728,30.94588339784753,5.428341986348908,151.9691924860311,162.31369366481323,45.22307286650289,50.58292552378018,48.89142362479451,1.677494008107005
GX010408.MP4,105,30,30,1.0,0.3791974477469921,0,0.263928131412142,31.54695012050235,4.816512411947433,30.019025420462828,4.560822088300564,154.1680308131177,171.41060060021093,45.361155368307486,52.436095449935,49.724654941693,1.8141039045420395
GX010408.MP4,106,30,30,1.0,0.30308814098437625,1,0.2695037900322549,31.830293443275423,5.461488598420923,30.41805533574016,5.484045211956415,156.98912062833247,173.93173747093323,46.138488028092844,52.86915784302952,50.361792164755926,1.7516454434769855
GX010408.MP4,107,30,30,1.0,0.49508441239595413,2,0.2746786918238375,31.43123389981943,3.537401913435765,32.600119069273816,3.331931130270978,159.06074559566866,180.3880599668724,48.0159447758833,54.60670060364916,51.79254296549968,1.4237634611319572
GX010408.MP4,108,30,30,1.0,0.5212781473994255,1,0.280545478964414,30.818145777026675,3.523358277493658,34.67007661195185,2.5519169392343226,161.25604364394263,183.61693996947952,49.078932847747744,55.14144769500049,52.95613250394739,1.3948448837874625
GX010408.MP4,109,30,30,1.0,0.4280574763814608,4,0.2836514000149431,30.79921827741969,4.508677955473331,33.7332586160969,3.9942381983963258,164.02425267416444,184.9138153177202,49.38221855326982,55.77622631607051,54.458224402439896,1.5510802083553092
GX010408.MP4,110,30,30,1.0,0.37940297027428943,1,0.27990202190779495,31.12320981973396,4.957813903395089,32.92528285065763,4.969329147965521,163.19699597664965,184.03482834534307,49.18350617488143,55.44376433857662,53.8557786435187,1.2384934583246148
GX010408.MP4,111,30,30,1.0,0.29965125924597186,1,0.2756371095057483,30.741622580731285,5.8138699174104636,32.60654812760219,6.423127892603523,161.20253553859513,176.77756717421525,48.01468065009187,54.27994949987663,52.105765396981376,1.2540212760658354
GX010408.MP4,112,30,30,1.0,0.1848326443384091,1,0.2665929992048803,29.382853058141645,7.396376125391555,31.463192441602747,7.679505842040543,155.49019004187585,169.57768731286293,46.21303907045979,52.65309497473216,50.95588636942083,2.0733138538549585
GX010408.MP4,113,30,30,1.0,0.11483079325407744,0,0.2575339373815278,27.947858310069464,7.926478185212946,29.609777469696834,8.663230520496475,149.7465527712798,164.977779124799,44.789381846980376,51.4987657786352,49.20455778059681,1.582710412315867
GX010408.MP4,114,30,30,1.0,0.20472453453888495,1,0.2583966787974142,28.44893687955852,6.8264297555084115,30.145036774932713,7.110619630277374,150.06226901040603,163.6351990102063,45.03440573505399,50.44930032802482,49.42845646498308,1.2051378939229782
GX010408.MP4,115,30,30,1.0,0.11659656061480443,0,0.25911203553371687,28.271473198514002,7.6577494900385386,30.189998648997083,8.612403172233563,150.64329433670508,164.85676946517802,45.13954549782493,50.533379231114466,49.43570803946458,1.2934478982823239
GX010408.MP4,116,30,30,1.0,0.4611599235484997,0,0.2621658450450578,32.3724799525351,3.9584249476924245,25.117219037614305,4.407853788320894,146.47353706308397,165.77163462688708,43.24917299606436,52.123391354923804,45.97688215744928,0.979317135674401
GX010408.MP4,117,30,30,1.0,0.5497583384315173,0,0.27370701830932964,35.78300904029064,2.7800698132379775,20.744108472943722,4.120823771015721,148.77855237838676,176.06252013343428,42.70902095674574,56.658981105290735,44.43970189278051,0.6862718625336299
GX010408.MP4,118,30,30,1.0,0.2595083434134722,2,0.2794248235305884,33.75051461263201,6.598363739286058,31.58054162372844,6.144387404144725,162.3185330303672,173.9964399738045,48.370172086633744,55.156893227271034,53.0437755832409,1.7392187886562975
GX010408.MP4,119,30,30,1.0,0.23634190435210864,1,0.2688636153692866,31.74436334981937,6.815293204810379,30.61074726426562,6.756290902887779,156.41746926004478,169.21281077830565,46.30318892367261,52.85656112049401,50.94225785830556,2.048468325303489
GX010408.MP4,120,30,30,1.0,0.2501804602642854,2,0.2645392351944516,30.706118184997454,5.794155978347789,30.569411606375596,6.0506850607539855,153.9173760379569,167.88423455871424,46.02862404961513,51.40613669783407,49.823798128667455,1.403415733472972
GX010408.MP4,121,30,30,1.0,0.27983232246090967,2,0.26777255125379357,30.905939133793147,5.432630168160587,31.148306723048062,5.896960985645654,155.9028939168052,168.81118596812317,47.027375888335776,52.04380463293912,50.98301820671646,1.4224717156653055
GX010408.MP4,122,30,30,1.0,0.22787052616477013,1,0.2683377708695385,30.486323753161024,6.211512055155781,31.06776668358207,6.909292763614214,156.41466673595116,169.5345751702291,47.254891636972765,52.11832891470804,50.64075106145127,1.9078534733606571
GX010408.MP4,123,30,30,1.0,0.1705772037928303,1,0.2624151441620148,29.91274155924277,6.669467760896838,30.529517391360756,7.8571554246673925,153.18857473704924,165.92922311477116,46.249706175829196,51.3241020502045,49.59558483025476,1.6894226666529946
GX010408.MP4,124,30,30,1.0,0.24027674570679664,1,0.25788845969174423,29.738609748392783,5.500716243766746,30.138782622447657,6.258763736749135,150.3065293223006,162.24359496347185,45.244006987565896,49.770083138913805,48.05843388381174,1.6199817543324504
GX010408.MP4,125,30,30,1.0,0.16917768040051062,1,0.2619245485037648,29.7023174801114,6.336207438989564,30.167506612441915,7.681082206784071,152.65556081175274,166.19485518053034,45.76644619816032,50.07373822487068,48.7163011997203,1.8373906836419067
GX010408.MP4,126,30,30,1.0,0.22625802171727022,1,0.26334396746201416,30.450015270886592,5.62838071636043,30.610259406767096,6.3909957155185175,153.30333896938484,165.40424657155646,45.93072088871695,50.02949832480817,49.134588223731164,1.6921773327624694
GX010408.MP4,127,30,30,1.0,0.26778119516869386,1,0.26508836163481225,31.029059536458394,5.123155207880229,31.005993309349144,5.897099996533482,154.91386949544952,166.39100666402203,46.4581097743501,51.41232878505507,49.98102977270526,1.3577180756402534
GX010408.MP4,128,30,30,1.0,0.17179065253585576,1,0.26694793827060537,30.794256493370828,6.520471093936322,31.226782858691728,7.694385141119449,155.5833862400578,166.6691696313579,46.94670897879529,51.42179956842672,50.7071303931144,1.5176620351009902
GX010408.MP4,129,30,30,1.0,0.22613396911571423,1,0.2632009495231567,30.50018178868914,5.70512775800118,30.74572419348431,6.595190609359294,153.23305001516349,165.64402817303042,45.93983588239338,50.060100529253454,49.392827034607485,1.8604179997314996
GX010408.MP4,130,30,30,1.0,0.24715827256441117,1,0.2621934755220995,29.988303294690446,5.597233071118324,30.80966094251789,6.382008738104088,152.6453323438298,166.82544380871175,45.776576691820814,50.34019329547278,48.99296587629351,2.0759482718994056
GX010408.MP4,131,30,30,1.0,0.18832111762215695,1,0.26323081318780656,30.064894435133443,6.3766952286404335,30.64009259491609,7.318556152460674,152.9166637021661,166.21670780691508,46.211638623878116,50.17717977028091,49.502642594453846,2.143993780996153
GX010408.MP4,132,30,30,1.0,0.13712194872399172,0,0.26133224870094407,29.415543385408874,7.064408356506348,29.850786488311268,8.20964951423468,151.29119627548292,167.14931068905852,45.697117247761724,50.32022225832638,49.28938428569311,1.949544498114991
GX010408.MP4,133,29,29,1.0,0.21952263060314903,1,0.2598532251606652,29.860338866412192,5.867667047195454,30.456453995236572,6.8873723990297355,151.65359629021256,165.25576542062078,45.551889415469454,50.38607795332571,48.86250789263232,1.946272051184737
GX010408.MP4,134,30,30,1.0,0.2203027437751492,1,0.2586420427389446,29.924141997202398,5.874581651124449,30.519205832640306,6.856502400773296,150.80618204240363,162.92035621821816,45.548266523074425,49.89778641484997,48.65840040677433,1.5960305569987152
GX010408.MP4,135,30,30,1.0,0.24034839384257795,1,0.2621298677689739,29.791510749564512,5.600167529338673,30.758477235406367,6.411743855026276,151.8118612683598,165.06966573403946,45.77084155771049,49.42988704398661,49.390358060128946,1.9454547142585346
GX010408.MP4,136,30,30,1.0,0.245706307888031,2,0.26603318898146,29.639384848658423,5.975807074129826,30.57679704927847,6.3763698137962255,153.93366815010896,170.2384344740007,46.50513155664053,50.8542087098197,50.16792053059221,2.0957287760439423
GX010408.MP4,137,30,30,1.0,0.43282419530053934,3,0.2766059799860361,32.17764531466044,4.6761823095632815,22.563510237839786,4.500191746934379,146.49255892628187,174.31410575748538,43.324895127958904,50.75684819043641,46.18844401856629,4.375293602483495
GX010408.MP4,138,30,0,0.0,0.0,0,,,,,,,,,,,
GX010408.MP4,139,30,8,0.26666666666666666,0.5737916883081198,1,0.29651332085178767,26.461522025572748,2.5457299378731024,20.840382886005607,3.163681886726253,126.33565196099319,150.70714161431434,36.968389993945365,41.338651455346664,40.112278065384615,2.956050828368471
GX010408.MP4,140,30,0,0.0,0.0,0,,,,,,,,,,,
GX010408.MP4,141,16,0,0.0,0.0,0,,,,,,,,,,,
